Woods Hole,Massachusetts,Barnstable

Chatham,Massachusetts,Barnstable

Hyannis Port,Massachusetts,Barnstable

Provincetown,Massachusetts,Barnstable

South Chatham,Massachusetts,Barnstable

South Wellfleet,Massachusetts,Barnstable

West Harwich,Massachusetts,Barnstable

Pittsfield,Massachusetts,Berkshire

Becket,Massachusetts,Berkshire

Glendale,Massachusetts,Berkshire

Lanesborough,Massachusetts,Berkshire

Southfield,Massachusetts,Berkshire

North Easton,Massachusetts,Bristol

Fairhaven,Massachusetts,Bristol

New Bedford,Massachusetts,Bristol

Raynham,Massachusetts,Bristol

Swansea,Massachusetts,Bristol

Westport Point,Massachusetts,Bristol

Edgartown,Massachusetts,Dukes

Oak Bluffs,Massachusetts,Dukes

Cuttyhunk,Massachusetts,Dukes

Haverhill,Massachusetts,Essex

Lynn,Massachusetts,Essex

Swampscott,Massachusetts,Essex

Amesbury,Massachusetts,Essex

Gloucester,Massachusetts,Essex

Middleton,Massachusetts,Essex

Newbury,Massachusetts,Essex

Andover,Massachusetts,Essex

Whately,Massachusetts,Franklin

Greenfield,Massachusetts,Franklin

Rowe,Massachusetts,Franklin

South Deerfield,Massachusetts,Franklin

Bondsville,Massachusetts,Hampden

Chicopee,Massachusetts,Hampden

Chicopee,Massachusetts,Hampden

Palmer,Massachusetts,Hampden

Woronoco,Massachusetts,Hampden

Springfield,Massachusetts,Hampden

Springfield,Massachusetts,Hampden

Springfield,Massachusetts,Hampden

Indian Orchard,Massachusetts,Hampden

Granby,Massachusetts,Hampshire

Haydenville,Massachusetts,Hampshire

Northampton,Massachusetts,Hampshire

Northampton,Massachusetts,Hampshire

Groton,Massachusetts,Middlesex

Ashland,Massachusetts,Middlesex

Carlisle,Massachusetts,Middlesex

Woburn,Massachusetts,Middlesex

Reading,Massachusetts,Middlesex

Tyngsboro,Massachusetts,Middlesex

North Reading,Massachusetts,Middlesex

Cambridge,Massachusetts,Middlesex

Somerville,Massachusetts,Middlesex

Medford,Massachusetts,Middlesex

Newton Center,Massachusetts,Middlesex

Chestnut Hill,Massachusetts,Middlesex

Watertown,Massachusetts,Middlesex

Dedham,Massachusetts,Norfolk

Medway,Massachusetts,Norfolk

Walpole,Massachusetts,Norfolk

Quincy,Massachusetts,Norfolk

Brookline Village,Massachusetts,Norfolk

East Bridgewater,Massachusetts,Plymouth

Hanover,Massachusetts,Plymouth

Hanson,Massachusetts,Plymouth

Lakeville,Massachusetts,Plymouth

Abington,Massachusetts,Plymouth

White Horse Beach,Massachusetts,Plymouth

Boston,Massachusetts,Suffolk

Boston,Massachusetts,Suffolk

Charlestown,Massachusetts,Suffolk

Roslindale,Massachusetts,Suffolk

Readville,Massachusetts,Suffolk

Boston,Massachusetts,Suffolk

Boston,Massachusetts,Suffolk

Boston,Massachusetts,Suffolk

Gilbertville,Massachusetts,Worcester

Harvard,Massachusetts,Worcester

Leominster,Massachusetts,Worcester

Lancaster,Massachusetts,Worcester

New Braintree,Massachusetts,Worcester

Rutland,Massachusetts,Worcester

Dudley,Massachusetts,Worcester

West Boylston,Massachusetts,Worcester

Worcester,Massachusetts,Worcester

Worcester,Massachusetts,Worcester

Worcester,Massachusetts,Worcester

Worcester,Massachusetts,Worcester

Hopedale,Massachusetts,Worcester

